"중복관련표기","연번","사용대상","유형별","학교급","학교급-하위","자료명","자료소개(자료 내 문장 활용)","발행기관","자료링크","발행연도","연계자료 여부","연계자료 연번 ","연계자료 대상","자료활용자","자료활용자(주의사항 및 참고사항 표기)","연계자료가 있는경우, 행추가하여 바로 아래 행에 기록바랍니다!
연번란은 비워두면 제가 1-1,1-2 순으로 정리하겠습니다.","","","","","","","","","","","",""
"","1","누구나","카드뉴스 및 뉴스레터","모든 학교","","스스로를 지키는 안정화 기법","재난경험자의 심리적 어려움 완화에 도움을 주는 카드뉴스와 포스터 자료입니다.
국문과 영문으로 구성되어 있으며 심호흡(8종), 착지기법(8종)의 내용이 담겨 있습니다. ","국가트라우마센터","https://www.nct.go.kr/serviceCenter/noticeDetail.do?refnceSeq=1079","2025~","없음","","","누구나","","","","","","","","","","","","","",""
"","2","학생","심리검사","모든 학교","중학교, 고등학교, 초등 고학년","청소년 위기스크리닝 척도개정","연구논문 페이지 기준 108쪽부터 활용바랍니다.
청소년의 위기여부를 파악하고 위기상황을 신속히 인지하기 위해 개정된 자료 입니다.","한국청소년상담복지개발원","https://www.kyci.or.kr/fileup/lib_pdf/2.%20%EC%B2%AD%EC%86%8C%EB%85%84%20%EC%9C%84%EA%B8%B0%EC%8A%A4%ED%81%AC%EB%A6%AC%EB%8B%9D%20%EC%B2%99%EB%8F%84%20%EA%B0%9C%EC%A0%95.pdf","2020~2024","없음","","","누구나","","","","","","","","","","","","","",""
"사후안정화(4번)","3","누구나","심리검사","모든 학교","","고위기학생 선별 도구 모음","자살,PTSD,우울, 불안 관련 선별도구 모음 자료 입니다.
자살요인(학생,8~19세), PTSD(아동 및 보호자, 청소년)으로 구성되어 있습니다. ","서울Weepl","https://weepl.sen.go.kr/heartinfo/dataInfoDetail.do?mindHlthInfoNo=197&orderBy=FRST_JOB_DT&searchOption=titleContent&searchWord=&contsType=&mtCd=&htnCdList=","2020~2024","없음","","","누구나","결과 확인 후 정서지원 필요 시 전문상담인력과 협의 바랍니다.","","","","","","","","","","","","",""
"","4","교사","심리검사","모든 학교","","","","","","","","","","","","","","","","","","","","","","","",""
"","5","보호자","동영상","모든 학교","","청소년 정서성장 토크콘서트 1부","위기 상황에 놓인 자녀를 이해하고, 건강한 소통과 올바른 훈육 방법을 배우며 부모의 마음까지 함께 돌보는 학부모 대상 생명존중교육 동영상입니다.","서울특별시교육청
(서울Weepl 탑재)","https://weepl.sen.go.kr/heartinfo/videoInfoDetail.do?mindHlthInfoNo=206&orderBy=FRST_JOB_DT&searchOption=titleContent&searchWord=&contsType=&mtCd=&htnCdList=","2025~","없음","","","누구나","","","","","","","","","","","","","",""
"","6","보호자","동영상","모든 학교","","청소년 정서성장 토크콘서트 2부","사춘기 자녀와의 소통, 감정 표현, 이성 교제와 시험 불안 등 부모가 자주 겪는 고민을 살펴보고 상황별로 자녀의 마음을 이해하고 적절히 대화하는 방법을 배우는 학부모 대상 생명존중교육 동영상입니다.","서울특별시교육청
(서울Weepl 탑재)","https://weepl.sen.go.kr/heartinfo/videoInfoDetail.do?mindHlthInfoNo=207&orderBy=FRST_JOB_DT&searchOption=titleContent&searchWord=&contsType=&mtCd=&htnCdList=","2025~","없음","","","누구나","","","","","","","","","","","","","",""
"","7","보호자","교육자료","모든 학교","","청소년 보호자를 위한 마음여행 안내서_보호자 가이드(리플릿)","유니세프 한국위원회에서 발간한 청소년 보호자를 위한 마음건강 안내 자료로, 청소년기의 정서적 특성과 보호자의 역할을 이해하고 아이의 마음건강을 지원하는 방법을 안내하는 교육자료입니다.","유니세프
(서울Weepl 탑재)","https://weepl.sen.go.kr/heartinfo/dataInfoDetail.do?mindHlthInfoNo=204&orderBy=FRST_JOB_DT&searchOption=titleContent&searchWord=&contsType=&mtCd=&htnCdList=","2025~","없음","","","누구나","","","","","","","","","","","","","",""
"","8","보호자","활동지","모든 학교","","나를 찾는 마음여행_보호자를 위한 마음여행 안내서(워크북)","유니세프와 세계보건기구가 개발한 자료를 국내 상황에 맞게 재구성한 것으로, 청소년에 대한 올바른 이해와 보호자·자녀 간 유대감 형성을 돕고 22개의 활동을 통해 보호자 자신의 마음건강과 양육을 돌아볼 수 있도록 구성한 교육자료입니다.","유니세프
(서울Weepl 탑재)","https://weepl.sen.go.kr/heartinfo/dataInfoDetail.do?mindHlthInfoNo=205&orderBy=FRST_JOB_DT&searchOption=titleContent&searchWord=&contsType=&mtCd=&htnCdList=","2025~","없음","","","누구나","","","","","","","","","","","","","",""
"사후안정화(5번)","9","학생","동영상","모든 학교","초등 저학년, 초등 고학년, 중학교, 고등학교","사회정서교육 영상자료(감정을 조절하는 자세 및 호흡법)","바디스캔, 나비포옹법, 근육이완법과 다양한 호흡법을 직접 따라 하며 긴장된 몸과 마음을 안정시키고 감정을 조절하는 방법을 익히는 동영상 교육자료입니다.","서울Weepl","https://weepl.sen.go.kr/heartinfo/dataInfoDetail.do?mindHlthInfoNo=201&orderBy=FRST_JOB_DT&searchOption=titleContent&searchWord=&contsType=&mtCd=&htnCdList=","2025~","없음","","","전문인력","","","","","","","","","","","","","",""
"","10","학생","동영상","모든 학교","초등 저학년, 초등 고학년, 중학교, 고등학교","사회정서교육 영상자료(내 마음 관리법)","자신의 마음건강 상태를 점검하고, 정신건강의학과의 도움이 필요한 시점을 알아보며 도움을 요청할 수 있는 전문기관과 이용 방법을 안내하는 동영상 교육자료입니다.","서울Weepl","https://weepl.sen.go.kr/heartinfo/dataInfoDetail.do?mindHlthInfoNo=203&orderBy=FRST_JOB_DT&searchOption=titleContent&searchWord=&contsType=&mtCd=&htnCdList=","2025~","없음","","","전문인력","","","","","","","","","","","","","",""
"","11","누구나","동영상","모든 학교","","나는 자해를 합니다","자해를 선택하게 되는 심리적 배경과 정서적 어려움을 상담 전문가의 설명을 통해 이해하고, 자해하는 사람과 건강한 관계를 맺으며 적절하게 지지하고 도움을 주는 방법을 알아보는 동영상 교육자료입니다.","유튜브 채널
「정신의학신문」","https://www.youtube.com/watch?v=oCRRnqNMR_A","","","","","전문인력","","","","","","","","","","","","","",""
"","12","교사","기타","모든 학교","","학교 위기관리 가이드라인","서울특별시교육청에서 발간한 자료로, 학교 위기사안에 효과적으로 개입하기 위한 위기관리 체계와 구성원의 역할을 제시하고 위기 유형별 대응부터 학교의 조속한 안정화와 회복 지원까지 안내하는 학교 위기관리 매뉴얼입니다.","서울특별시교육청","https://buseo.sen.go.kr/buseo/bu15/user/bbs/BD_selectBbs.do?q_rowPerPage=10&q_currPage=9&q_sortName=&q_sortOrder=&q_searchKeyTy2=1005&q_searchStartDt=&q_searchEndDt=&q_bbsSn=1331&q_bbsDocNo=20250216215631984&q_searchKeyTy=ttl___1002&q_searchVal=&","2025~","없음","","","전문인력","","","","","","","","","","","","","",""
"","13","학생","교육자료","초등","초등 저학년, 초등 고학년","서울시교육청 초등용 생명존중교육 '라이프히어로즈 오리진'","서울특별시교육청에서 개발한 자료로, 초등학생이 생명존중의 의미와 위기 신호를 이해하고 위기 상황에 효과적으로 대처하며 서로에게 도움을 주는 사회적 지지자로 성장하도록 돕는 교육자료입니다.","서울특별시교육청","https://buseo.sen.go.kr/buseo/bu15/user/bbs/BD_selectBbs.do?q_rowPerPage=10&q_currPage=11&q_sortName=&q_sortOrder=&q_searchKeyTy2=1005&q_searchStartDt=&q_searchEndDt=&q_bbsSn=1331&q_bbsDocNo=20240326111214683&q_searchKeyTy=ttl___1002&q_searchVal=&","2020~2024","없음","","","전문인력","프로그램에 대해 충분히 숙지된 일반 교사, 위(Wee) 센터, 위(Wee) 클래스 전문상담(교)사 등이 활용할 수 있습니다.","","","","","","","","","","","","",""
"폭력피해(15번)","14","교사","기타","모든 학교","","위기 유형별 상담 매뉴얼","이 자료는 학교폭력, 대인(또래)관계, 학교 부적응, 자해·자살, 우울, ADHD, 인터넷 과몰입, 성폭력 문제 등 다양한 위기유형에 대한 이해, 위기개입의 필요성 및 목적, 개념, 그리고 유형별 상담개입 및 치료전략을 수록한 상담 매뉴얼입니다.","교육과학기술부/ 한국교육개발원/ 대전광역시교육청","https://www.wee.go.kr/board/view?&menuKey=Nkf0nC3AjF&bbsId=BOARD00015&schType=0&schText=&boardStyle=&ctgryNo=&cntntNm=&pstOtptCnt=0&ntnNm=&pageNum=4&rowCnt=10&no1=32&regNo=0vkWzQncGG","2020~2024","없음","","","전문인력","","","","","","","","","","","","","",""
"","","교사","기타","모든 학교","","위기대응 안내서","이 안내서는 대규모 자연재해나 학교 구성원의 자살 등 학교 위기 상황에서 활용할 수 있도록 위기대응 절차 흐름도, 체크리스트, 애도교육 및 심리안정화 교육, 사안 공지 예시, 위기학생 선별 도구, 주요 Q&A 등 학교응급심리지원의 기본 실무 지침을 수록하고 있습니다.","교육부/ 한국교육환경보호원/ 학생정신건강증진센터","https://www.smhrc.kr/dataCenter/dataView?pageNo=1&dataId=461&searchKeyword=%EC%9C%84%EA%B8%B0%EB%8C%80%EC%9D%91","2020~2024","있음","","교사","누구나","","","","","","","","","","","","","",""
"","","교사","기타","모든 학교","","학교를 위한 응급심리지원, 실행자입문서(2015)","학교 관계자들을 위한 학교응급심리지원의 이해 및 실천 지침 안내","학생정신건강지원센터","https://www.smhrc.kr/dataCenter/dataView?pageNo=1&dataId=112&searchKeyword=%EC%9D%91%EA%B8%89%EC%8B%AC%EB%A6%AC%EC%A7%80%EC%9B%90","2015~2019","","","교사","누구나","","","","","","","","","","","","","",""
"충청남도교육청 개발자료(4번)","16","누구나","동영상","모든 학교","","2023 생명존중 자살예방 홍보영상","2023년 충청남도교육청이 제작한 생명존중 자살예방 홍보 영상 입니다. 학생 정신건강지원 관련한 캠페인, 교육활동에 활용할 수 있습니다.","충청남도교육청","http://www.cne.go.kr/boardCnts/view.do?boardID=877&boardSeq=2288634&lev=0&searchType=null&statusYN=C&page=4&s=cne&m=082203&opType=N","2020~2024","없음","","","누구나","","","","","","","","","","","","","",""
"","17","교사","동영상","모든 학교","","[위닥터] 청소년기에 시작되는 자해! 어떻게 다가가야 할까?","위닥터에서 제작한 영상으로, 청소년 자해의 원인과 심리, 자살과의 차이, 그리고 교사와 보호자가 학생을 어떻게 이해하고 상담해야 하는지 핵심 내용을 담았습니다.","Wee Doctor
(서울Weepl 탑재)","https://www.youtube.com/embed/FzvmBQ329qA","2020~2024","없음","","","누구나","","","","","","","","","","","","","",""
"","18","교사","동영상","모든 학교","","[위닥터] 청소년 자해행동에 대한 올바른 이해!","위닥터에서 제작한 영상으로, 청소년 자해 행동의 원인과 자살 시도와의 차이, 보호자와 교사가 주의해야 할 대응 방법을 안내합니다.","Wee Doctor
(서울Weepl 탑재)","https://www.youtube.com/watch?v=pJ5fLGScQAk&t=821s","2020~2024","없음","","","누구나","","","","","","","","","","","","","",""
"","19","보호자","동영상","모든 학교","","[위닥터] 반복적인 자해행동을 보이는 자녀와 대화하기","위닥터에서 제작한 영상으로, 반복적인 자해 행동을 보이는 자녀와 부모가 어떻게 대화하고 소통해야 하는지 실제적인 방법을 안내합니다. 자해 행동의 원인을 이해하는 것부터 공감 중심의 대화법, 피해야 할 표현, 긍정적인 관계 회복과 전문가의 도움까지 핵심 내용을 담았습니다.","Wee Doctor
(서울Weepl 탑재)","https://www.youtube.com/watch?v=Qld_hXfv0AU","2020~2024","없음","","","누구나","","","","","","","","","","","","","",""
"","20","누구나","카드뉴스 및 뉴스레터","모든 학교","","자해러가 말했다 '어떻게든 살기위해 자해했어요'","한국청소년상담복지개발원에서 개발한 카드뉴스 자료로, 자해의 원인과 올바른 개입 방법, 그리고 주변에서 자해로 어려움을 겪는 사람을 이해하고 안전하게 도움을 줄 수 있는 방법을 쉽고 알기 쉽게 안내합니다.","한국청소년상담복지개발원
(서울Weepl 탑재)","https://www.kyci.or.kr/userSite/cardnews/cardnews28.asp","2020~2024","없음","","","누구나","","","","","","","","","","","","","",""
"","21","누구나","동영상","모든 학교","","[우리 지역 전문의 : 자해] 청소년 자해, 어떻게 도와주지?_우리 아이 마음 해결사, 우아해!","대한소아청소년정신의학회에서 제작한 동영상 자료로, 비자살성 자해의 개념과 자해를 의심할 수 있는 신호, 자해 행동을 보이는 청소년의 심리적 원인을 설명합니다. 또한 자해하는 자녀를 대하는 부모의 올바른 태도와 대화 방법, 병원 치료 과정, 대체 행동 및 변증법적 행동치료 등 실질적인 도움 방법을 안내합니다.","대한소아청소년정신의학회
(서울Weepl 탑재)","https://www.youtube.com/watch?v=zDO_fN6ZEIQ","2020~2024","없음","","","누구나","","","","","","","","","","","","","",""
"사후안정화(10번)","22","누구나","포스터","모든 학교","","마음을 안정시키는 안정화기법","국가트라우마센터에서 제작한 자료로, 트라우마 이후 나타날 수 있는 우울과 불안 등 다양한 심리적 불편감에 대처하는 방법을 안내합니다. 언제 어디서든 간단하게 따라 하며 몸과 마음을 편안하게 안정시킬 수 있는 안정화 기법을 소개합니다.","국가트라우마센터
(서울Weepl 탑재)","https://www.mentalhealth.go.kr/portal/bbs/bbsDetail.do?bbsId=BBSINIT_6&nttId=518","2020~2024","없음","","","누구나","","","","","","","","","","","","","",""
"","23","학생","심리검사","중등(중,고)","중학교, 고등학교","청소년 자해선별척도","청소년 자해행동 평가 질문지: 자해선별척도(SHSI, Self-Harm Screening Inventory)입니다.
","국립정신건강센터","https://www.ncmh.go.kr/ncmh/board/commonView.do?no=4666&fno=84&depart=&menu_cd=04_04_00_02&bn=newsView&search_item=1&search_content=%EC%9E%90%ED%95%B4&pageIndex=1#","2020~2024","없음","","","","결과 확인 후 정서지원 필요 시 전문상담인력과 협의 바랍니다.","","","","","","","","","","","","",""
"","24","누구나","교육자료","중등(중,고)","중학교, 고등학교","마음챙김에 기반한 자살예방 인지행동치료 프로그램 ""하루"""," 마음챙김에 기반한 자살예방 인지행동치료 프로그램 매뉴얼입니다(오디오자료 포함, 노년, 중장년, 청소년용으로 구성)
지역사회 기반 자살 고위험군 참가자들을 대상으로 자살 충동을 감소시키고 심리적 회복탄력성을 높임으로써 자살 취약성을 낮추는 것을 목표로 하고 있습니다.","국립정신건강센터","https://www.ncmh.go.kr/ncmh/board/commonView.do?no=5010&fno=84&depart=&menu_cd=04_04_00_02&bn=newsView&search_item=1&search_content=%EC%9E%90%EC%82%B4&pageIndex=1","2025~","없음","","","전문인력","마음챙김과 관련한 배경지식이 필요합니다.","","","","","","","","","","","","",""
"","25","교사","기타","모든 학교","","학교 자해대응 교사용 안내서","학교 현장에서 자해를 최초로 발견한 교직원이 즉각적으로 대처할 수 있도록 돕는 안내서입니다. 자해에 대한 올바른 이해부터 교사의 초기 대응 전략, 최초 발견자 및 학교의 체계적인 대응 절차, 그리고 지역사회 도움 기관에 대한 정보를 안내합니다.","교육부/ 학생정신건강지원센터
(충청남도 교육청 누리집 탑재)","학생생활자료실","2015~2019","없음","","","누구나","","","","","","","","","","","","","",""
"","","학생","동영상","모든 학교","","마음건강의 도움이 필요할 때","누구나 한번쯤 몸이 아팠던 것처럼 마음속의 고민으로 불편함을 느낄 떄는 혼자서 힘들어하지 말고 도움을 요청해야 한다는 카드뉴스를 동영상으로 만든 자료입니다.","학생마음건강중앙지원단","https://www.smhrc.kr/dataCenter/dataView?pageNo=7&dataId=460&searchKeyword=&categoryArr=%EC%A0%95%EC%8B%A0%EA%B1%B4%EA%B0%95&categoryArr=%ED%95%99%EA%B5%90%EC%9C%84%EA%B8%B0%EA%B0%9C%EC%9E%85","2020~2024","있음","26-2, 26-3
26-4, 26-5
26-6","학생(연계자료), 교사, 보호자","누구나","","","","","","","","","","","","","",""
"","","학생","카드뉴스 및 뉴스레터","중등(중,고)","","마음건강의 도움이 필요할 때","누구나 한번쯤 몸이 아팠던 것처럼 마음속의 고민으로 불편함을 느낄 떄는 혼자서 힘들어하지 말고 도움을 요청해야 한다는 내용의 중고등학생 대상 카드뉴스 자료입니다.","학생마음건강중앙지원단","https://www.smhrc.kr/dataCenter/dataView?pageNo=7&dataId=457&searchKeyword=&categoryArr=%EC%A0%95%EC%8B%A0%EA%B1%B4%EA%B0%95&categoryArr=%ED%95%99%EA%B5%90%EC%9C%84%EA%B8%B0%EA%B0%9C%EC%9E%85","2020~2024","있음","26-1, 26-3
26-4, 26-5
26-6","보호자, 교사, 학생(연계자료)","누구나","","","","","","","","","","","","","",""
"","","학생","카드뉴스 및 뉴스레터","초등","초등 저학년","마음건강의 도움이 필요할 때","누구나 한번쯤 몸이 아팠던 것처럼 마음속의 고민으로 불편함을 느낄 떄는 혼자서 힘들어하지 말고 도움을 요청해야 한다는 내용의 초등학교저학년 대상 카드뉴스 자료입니다.","학생마음건강중앙지원단","https://www.smhrc.kr/dataCenter/dataView?pageNo=7&dataId=455&searchKeyword=&categoryArr=%EC%A0%95%EC%8B%A0%EA%B1%B4%EA%B0%95&categoryArr=%ED%95%99%EA%B5%90%EC%9C%84%EA%B8%B0%EA%B0%9C%EC%9E%85","2020~2024","있음","26-1, 26-2
26-4, 26-5
26-6","보호자, 교사, 학생(연계자료)","누구나","","","","","","","","","","","","","",""
"","","학생","카드뉴스 및 뉴스레터","초등","초등 고학년","마음건강의 도움이 필요할 떄","누구나 한번쯤 몸이 아팠던 것처럼 마음속의 고민으로 불편함을 느낄 떄는 혼자서 힘들어하지 말고 도움을 요청해야 한다는 내용의 초등학교 고학년 대상 카드뉴스 자료입니다.","학생마음건강중앙지원단","https://www.smhrc.kr/dataCenter/dataView?pageNo=7&dataId=456&searchKeyword=&categoryArr=%EC%A0%95%EC%8B%A0%EA%B1%B4%EA%B0%95&categoryArr=%ED%95%99%EA%B5%90%EC%9C%84%EA%B8%B0%EA%B0%9C%EC%9E%85","2020~2024","있음","26-1, 26-2
26-3, 26-5
26-6","보호자, 교사, 학생(연계자료)","누구나","","","","","","","","","","","","","",""
"","","보호자","카드뉴스 및 뉴스레터","모든 학교","","마음건강의 도움이 필요할 떄","누구나 한번쯤 몸이 아팠던 것처럼 마음속의 고민으로 불편함을 느낄 떄는 혼자서 힘들어하지 말고 도움을 요청해야 한다는 내용의 보호자 대상 카드뉴스 자료입니다.","학생마음건강중앙지원단","https://www.smhrc.kr/dataCenter/dataView?pageNo=7&dataId=459&searchKeyword=&categoryArr=%EC%A0%95%EC%8B%A0%EA%B1%B4%EA%B0%95&categoryArr=%ED%95%99%EA%B5%90%EC%9C%84%EA%B8%B0%EA%B0%9C%EC%9E%85","2020~2024","있음","26-1, 26-2
26-3, 26-4
26-6","보호자, 교사, 학생(연계자료)","누구나","","","","","","","","","","","","","",""
"","","교사","카드뉴스 및 뉴스레터","모든 학교","","마음건강의 도움이 필요할 떄","누구나 한번쯤 몸이 아팠던 것처럼 마음속의 고민으로 불편함을 느낄 떄는 혼자서 힘들어하지 말고 도움을 요청해야 한다는 내용의 교사대상 카드뉴스 자료입니다.","학생마음건강중앙지원단","https://www.smhrc.kr/dataCenter/dataView?pageNo=7&dataId=458&searchKeyword=&categoryArr=%EC%A0%95%EC%8B%A0%EA%B1%B4%EA%B0%95&categoryArr=%ED%95%99%EA%B5%90%EC%9C%84%EA%B8%B0%EA%B0%9C%EC%9E%85","2020~2024","있음","26-1, 26-2
26-3, 26-4
26-5","보호자, 교사, 학생(연계자료)","누구나","","","","","","","","","","","","","",""
"","27","교사","교육자료","중등(중,고)","중학교, 고등학교, 초등 고학년","청소년 자해행동 예방과 개입 프로그램 ASIST","한국 청소년들의 자해행동 유형을 분석한 결과에 기반하여 개발된 집단 프로그램입니다. 
자해행동을 보이는 청소년들이 참여하여 4~6회기에 걸쳐 자해 관련 교육, 
인지, 정서, 대인관계와 스트레스 관리의 전반을 다룰 수 있도록 구성되어 있습니다.
","국립정신건강센터, 서울대학교병원","https://www.ncmh.go.kr/ncmh/board/commonView.do?no=5019&fno=84&depart=&menu_cd=04_04_00_01&bn=newsView&search_item=1&search_content=&pageIndex=2#","2020~2024","있음","","","","","","","","","","","","","","","","",""
"","28","교사","교육자료","모든 학교","","비자살적 자해 청소년 상담 종사자 교육 강의안","보건복지부 국립정신건강센터에서 제작한 비자살적 자해 청소년 상담 종사자 교육 강의안입니다.","학생건강정보센터","https://www.schoolhealth.kr/web/search/selectTotalSearchList.do?kwdLogYn=N&bbsTyCode=&bbsId=&lstnum1=4519&pageIndex=10&sortOrder=&pageUnit=10&searchWrd=&dataGbn1=0106","2020~2024","없음","","","전문인력","","","","","","","","","","","","","",""
"","29","학생","교육자료","중등(중,고)","","STOP자해예방 매뉴얼& 워크북","        
보건복지부 국립정신건강센터에서 제작한 STOP 자해예방 매뉴얼& 워크북입니다.
개별프로그램10회기, 가족프로그램 6회기로 구성되어 있습니다.","학생건강정보센터","https://www.schoolhealth.kr/web/search/selectTotalSearchList.do?kwdLogYn=N&bbsTyCode=&bbsId=&lstnum1=4510&pageIndex=11&sortOrder=&pageUnit=10&searchWrd=&dataGbn1=0106","2020~2024","없음","","","전문인력","","","","","","","","","","","","","",""
"","30","교사","동영상","모든 학교","초등 저학년, 초등 고학년, 중학교, 고등학교","생명존중 및 자살예방 교육영상","교육영상은 학교 현장에서 학생들을 대상으로 생명존중 및 자살예방교육을 할 때, 
활용할 수 있도록 각 초‧중‧고별로 교육영상을 개발하였습니다. ","교육부
학생정신건강지원센터","학생건강정보센터","2015~2019","없음","","","누구나","","","","","","","","","","","","","",""
"","31","학생","교육자료","중등(중,고)","중학교, 고등학교","자해학생을 돕기위한 안내서","안내서는 내가 자해를 하거나, 내 친구가 자해한 사실을 알았을 때 어떻게 도움을 받고, 도움을 줄 수 있는지에 대한 방법을 소개합니다. ","대구시교육청","학생건강정보센터","2015~2019","없음","","","","","","","","","","","","","","","","",""
"","32","보호자","교육자료","중등(중,고)","중학교, 고등학교","자해학생을 돕기위한 안내서","청소년 자해에 관한 학부모용 도움 안내서입니다.","대구시교육청","학생건강정보센터","2015~2019","없음","","","","","","","","","","","","","","","","",""
"","33","교사","교육자료","중등(중,고)","중학교, 고등학교","자해학생을 돕기위한 안내서","자해 청소년을 돕는 교사용 도움 안내서입니다.","대구시교육청","학생건강정보센터","2015~2019","없음","","","","","","","","","","","","","","","","",""
"","34","교사","동영상","초등","초등 저학년, 초등 고학년","연두와 초록이의 마음이어 달리기 ","한국생명존중희망재단에서 제작한 [연두와 초록이의 마음 이어달리기] 생명존중 
인식개선 동화책 애니메이션 입니다.","한국생명존중희망재단","학생건강정보센터","2020~2024","없음","","","","","","","","","","","","","","","","",""
"","35","교사","카드뉴스 및 뉴스레터","모든 학교","","2020년도 학생 정신건강증진 및 자살예방 뉴스레터 8호","청소년의 자살·자해 위험을 다루며, 가정에서 자녀의 위기 징후를 알아차리고 대처하도록 돕는 보호자용 카드뉴스 및 가정통신문과, 학교 현장에서 학생의 징후를 발견하고 직접 대화 및 연계하는 방법을 안내하는 교사용 카드뉴스 입니다.","학생정신건강지원센터
(충청남도교육청 누리집 탑재)","학생생활자료실","2020~2024","없음","","","","","","","","","","","","","","","","",""
"","36","교사","기타","","","","","","","","","","","","","","","","","","","","","","","","",""
"","37","교사","카드뉴스 및 뉴스레터","모든 학교","","2019학년 학생 자살예방 뉴스레터 6호","가정에서 자녀의 위기 징후를 알아차리고 공감하며 대처하는 보호자용 가정통신문과, 학교 현장에서 무기력한 학생의 원인을 파악하고 올바르게 소통하며 지도하는 방법을 안내하는 교사용 뉴스레터입니다.","교육부/ 대한청소년정신의학회
(충청남도교육청 누리집 탑재)","학생생활자료실","2015~2019","없음","","","","","","","","","","","","","","","","",""
"","38","교사","기타","모든 학교","","위기 청소년 부모개입 프로그램 개발","위기청소년 자녀를 둔 부모의 변화와 조력을 위해 상담자의 역량을 강하시키고 실무에 즉시 적용할 수 있도록, 서론의 개발 목적과 목차·부록의 4단계 상담 과정(개입준비-초기-중기-종결) 및 주요 위기유형별 개입 매뉴얼을 하나로 종합하여 개발한 반구조화된 부모개입 프로그램 보고서","한국청소년상담복지개발원","https://www.kyci.or.kr/fileup/lib_pdf/3.%20%EC%9C%84%EA%B8%B0%EC%B2%AD%EC%86%8C%EB%85%84%20%EB%B6%80%EB%AA%A8%EA%B0%9C%EC%9E%85%20%ED%94%84%EB%A1%9C%EA%B7%B8%EB%9E%A8%20%EA%B0%9C%EB%B0%9C.pdf","2020~2024","없음","","","전문인력","","","","","","","","","","","","","",""
"","39","교사","기타","모든 학교","","자살시도 위기청소년 상담개입 메뉴얼 개발","긴급·초기·중기·후기 단계별 개입, 부모교육, 상담자 자기점검 등의 내용과 부록을 포함한 구조화된 자살시도 위기청소년 상담개입 매뉴얼을 개발한 내용의 자료입니다. 80페이지의 메뉴얼 세부 내용을 활용바랍니다.","한국청소년상담복지개발원","https://www.kyci.or.kr/fileup/lib_pdf/%EC%9E%90%EC%82%B4%EC%8B%9C%EB%8F%84%20%EC%9C%84%EA%B8%B0%EC%B2%AD%EC%86%8C%EB%85%84%20%EC%83%81%EB%8B%B4%EA%B0%9C%EC%9E%85%20%EB%A7%A4%EB%89%B4%EC%96%BC%20%EA%B0%9C%EB%B0%9C.pdf","2020~2024","없음","","","전문인력","","","","","","","","","","","","","",""
"","36","교사","기타","중등(중,고)","중학교, 고등학교","학교폭력 외상 피해 청소년 상담개입 매뉴얼 개발","학교폭력 피해 청소년의 외상 회복을 위하여 선행연구와 현장 전문가 요구분석을 바탕으로 단계별 상담 기법, 보호자 교육, 회기별 활동지 및 평가 척도를 종합하여 개발한 '학교폭력 외상 피해 청소년 상담개입 매뉴얼' 보고서입니다. 65페이지 매뉴얼 세부 내용을 활용바랍니다.","한국청소년상담복지개발원","https://www.kyci.or.kr/fileup/lib_pdf/2022-232.pdf","2020~2024","없음","","","전문인력","","","","","","","","","","","","","",""
"","41","교사","동영상","모든 학교","","학교 위기개입 개요(1)","이 자료는 학교 위기개입의 개념과 목적을 설명하고, 왜 학교에서 위기개입의 필요성을 알려주는 동영상 자료입니다.","학생정신건강지원센터
(충청남도교육청 누리집 탑재)","학생생활자료실","2015~2019","없음","","","누구나","","","","","","","","","","","","","",""
"","42","교사","동영상","모든 학교","","학교위기개입 절차(2)","이 자료는 학교 위기 상황 발생 시 위기개입 팀 구성과 절차, 사실 공지 방법을 안내하고, 학부모 모임 및 교사 심리 지원까지의 체계적인 흐름을 알려주는 동영상 자료입니다.","학생정신건강지원센터
(충청남도교육청 누리집 탑재)","학생생활자료실","2015~2019","없음","","","누구나","","","","","","","","","","","","","",""
"","43","교사","동영상","모든 학교","","학생대상 위기개입 주요 내용(3)","이 자료는 사건 발생 시 학생 대상 공지 안내, 학생들의 애도 반응, 그리고 학생 대상 위기개입 방안을 소개하는 동영상 자료입니다.","학생정신건강지원센터
(충청남도교육청 누리집 탑재)","학생생활자료실","2015~2019","없음","","","누구나","","","","","","","","","","","","","",""
"","44","교사","동영상","모든 학교","","학교 위기개입 지원요청(4)","이 자료는 학교 위기 상황에 체계적으로 대응하기 위한 영상으로, 전문기관 지원의 필요성과 위기 개입 시 단계별 지원 방법에 대해 설명하는 동영상자료입니다.","학생정신건강지원센터
(충청남도교육청 누리집 탑재)","학생생활자료실","2015~2019","없음","","","누구나","","","","","","","","","","","","","",""
"","45","교사","기타","중등(중,고)","중학교, 고등학교, 초등 고학년","고위기 청소년 정신건강 상담개입
매뉴얼 개발: 불안·우울","인지행동치료, 변증법적 행동치료, 동기강화상담 이론과 화상상담 기반의 블랜디드 상담 기법을 결합하여 개인상담 중심의 모듈식 개입 매뉴얼을 개발하고 전문가 평가를 통해 그 효과성과 현장 적용성을 검증한 연구입니다. 84페이지 매뉴얼 세부 내용을 활용바랍니다.","한국청소년상담복지개발원","https://www.kyci.or.kr/fileup/lib_pdf/2020-107.pdf","2020~2024","없음","","","전문인력","","","","","","","","","","","","","",""
"충청남도교육청 개발자료(3번)","46","교사","교육자료, 활동지","모든 학교",""," 오늘 마주봄(ppt, 활동지)","생명존중 의식을 높이고 위기 대응 능력을 기르기 위해 제작된 생명존중 교육 프로그램 매뉴얼입니다. 총 6회기로 구성되어 있으며, 3~4회기에는 자살·자해 위기 신호 이해와 도움 요청 방법이, 6회기에는 상실감 이해 및 애도 과정을 다루는 사후 안정화 내용이 포함되어 있습니다. 일반군부터 고위기군까지 적용 가능하며 다양한 형태로 활용할 수 있습니다.","충청남도교육청 / 호시담","http://www.cne.go.kr/boardCnts/view.do?boardID=877&boardSeq=2292732&lev=0&searchType=null&statusYN=W&page=3&s=cne&m=082203&opType=N","2020~2024","","","","누구나","","","","","","","","","","","","","",""
"","","교사","교육자료","모든 학교","","오늘 마주봄(안내서)","오늘 마주봄 안내서입니다.","충청남도교육청 / 호시담","학생정신건강증진센터","","","","","","","","","","","","","","","","","","",""
"충청남도교육청 개발자료(5번)","47","교사","기타, 심리검사","모든 학교","","학생 위기관리 안내서","해당 안내서는 학생의 자해·자살 위험 사안 발생 시 학교의 기능을 유지하고, 신속하게 대응·지원할 수 있도록 처리 절차, 위기 관리 방법, 각종 서식 등을 정리한 지침서입니다.","충청남도교육청","http://www.cne.go.kr/boardCnts/view.do?boardID=877&boardSeq=2201074&lev=0&searchType=null&statusYN=W&page=5&s=cne&m=082203&opType=N","2020~2024","","","","누구나","","","","","","","","","","","","","",""
"충청남도교육청 개발자료(6번)","48","교사","교육자료","초등","","학생상담길라잡이-불안,자해(초등)","교실 내 초등학생의 자해·자살 행동 특징과 지원 방법을 다룬 PPT 자료입니다. 슬라이드 19쪽부터 활용 바라며, 학생의 위험 신호 포착과 교실 내 지도, 보호자와의 대화 방법 및 관련 기관 안내가 포함되어 있으며, 슬라이드 내 영상과 동영상 강의는 충청남도교육청 유튜브에서 시청할 수 있습니다.","충청남도교육청","학생생활자료실","2020~2024","","","","누구나","","","","","","","","","","","","","",""
"","","교사","동영상","초등","","학생상담길라잡이-자해(초등)","","충청남도교육청","[학생상담 길라잡이] 6.자해 (초등, 교사용) - YouTube","2020~2024","","","","누구나","","","","","","","","","","","","","",""
"충청남도교육청 개발자료(7번)","49","교사","교육자료","중등(중,고)","","학생상담길라잡이-불안,자해(중등)","교실 내 중학생의 자해·자살 행동 특징과 지원 방법을 다룬 PPT 자료입니다. 슬라이드 22쪽부터 활용 바라며, 학생의 위험 신호 포착과 교실 내 지도, 보호자와의 대화 방법 및 관련 기관 안내가 포함되어 있으며, 슬라이드 내 영상과 동영상 강의는 충청남도교육청 유튜브에서 시청할 수 있습니다.","충청남도교육청","학생생활자료실","2020~2024","","","","누구나","","","","","","","","","","","","","",""
"","","교사","동영상","중등(중,고)","","학생상담길라잡이-자해(중등)","","충청남도교육청","[학생상담 길라잡이] 6. 자해 (중등, 교사용) - YouTube","2020~2024","","","","누구나","","","","","","","","","","","","","",""
"충청남도교육청 개발자료(8번)","50","보호자","교육자료","초등","","학생상담길라잡이-불안,자해(초등)","초등학생 자녀의 자해·자살 행동 특징과 가정 내 대처법을 다룬 PPT 자료입니다. 슬라이드 19쪽부터 활용 바라며, 자녀의 위험 신호 관찰, 가정 내 대처 및 일상 소통, 교사와의 협력 방법, 관련 기관 안내가 포함되어 있으며, 슬라이드 내 영상과 동영상 강의는 충청남도교육청 유튜브에서 시청할 수 있습니다.","충청남도교육청","학생생활자료실","2020~2024","","","","누구나","","","","","","","","","","","","","",""
"","","보호자","동영상","초등","","학생상담길라잡이-자해(초등)","","충청남도교육청","[학생상담 길라잡이] 6. 자해 (초등, 학부모용) - YouTube","2020~2024","","","","누구나","","","","","","","","","","","","","",""
"충청남도교육청 개발자료(9번)","51","보호자","교육자료","중등(중,고)","","학생상담길라잡이-불안,자해(중등)","중학생 자녀의 자해·자살 행동 특징과 가정 내 대처법을 다룬 PPT 자료입니다. 슬라이드 29쪽부터 활용 바라며, 자녀의 위험 신호 관찰, 가정 내 대처 및 일상 소통, 교사와의 협력 방법, 관련 기관 안내가 포함되어 있으며, 슬라이드 내 영상과 동영상 강의는 충청남도교육청 유튜브에서 시청할 수 있습니다.","충청남도교육청","학생생활자료실","2020~2024","","","","누구나","","","","","","","","","","","","","",""
"","","보호자","동영상","중등(중,고)","","학생상담길라잡이-자해(중등)","","충청남도교육청","[학생상담 길라잡이] 6. 자해 (중등, 학부모용) - YouTube","2020~2024","","","","누구나","","","","","","","","","","","","","",""
"충청남도교육청 개발자료(10번)","52","교사","기타","모든 학교","","생명존중 및 자살예방 교직원 안내 자료(리플릿)","충청남도교육청에서 제작한 자료로 교직원이 학생의 자살 위험 신호를 조기에 포착하고 위기 발생 시 체계적으로 대응할 수 있도록 돕는 안내자료입니다. 징후 발견 대처법, 사안 발생 시 보고 절차와 대상별(친구·교직원·학부모·언론) 대응 방법, 그리고 학교·가정·Wee센터의 역할 분담과 위기 상담전화 번호를 소개합니다.","충청남도교육청","학생생활자료실","2015~2019","","","","누구나","","","","","","","","","","","","","",""
"","53","교사","기타","중등(중,고)","고등학교","고위기 청소년 정신건강상담개입 매뉴얼 : 자살·자해편","문헌 고찰과 현장 전문가 및 경험 청소년의 심층면접 분석을 바탕으로 초기·중기·후기 단계별 상담 절차, 부모 상담, 상담자 소진 예방, 그리고 검사 도구와 지침 등 부록 성격의 가이드라인을 포함한 맞춤형 상담개입 매뉴얼 개발 연구보고서 입니다. 72~74페이지의 매뉴얼 세부내용을 활용 바랍니다.","한국청소년상담복지개발원","https://www.kyci.or.kr/fileup/lib_pdf/2018-119.pdf","2015~2019","","","","전문인력","","","","","","","","","","","","","",""
"","54","학생","동영상","초등","초등 저학년, 초등 고학년","자살예방 애니메이션(초등)","마음의 어려움을 겪을 때 이용할 수 있는 모바일 상담 서비스, 학교 내 위클래스, 전문 상담 및 신고전화 정보를 안내하는 동영상입니다.","경기도교육청","(1) 자살예방 애니메이션_초등편ㅣ 경기도교육청TV - YouTube","2020~2024","","","","","","","","","","","","","","","","","",""
"","55","학생","동영상","중등(중,고)","중학교, 고등학교","자살예방 애니메이션(중등)","마음의 어려움을 겪을 때 이용할 수 있는 모바일 상담 서비스, 학교 내 위클래스, 전문 상담 및 신고전화 정보를 안내하는 동영상입니다.","경기도교육청","(1) 자살예방 애니메이션_중등편ㅣ 경기도교육청TV - YouTube","2020~2024","","","","","","","","","","","","","","","","","",""
"","56","교사","기타","초등","초등","초등학생 자살예방프로그램 개발","초등학생 5~6학년을 대상으로 한 학급 단위 자살예방 프로그램(40분, 총 2회기)을 개발연구 보고서입니다. 64페이지 프로그램 주요내용을 활용 바랍니다.","한국청소년상담복지개발원","https://www.kyci.or.kr/fileup/lib_pdf/2017-139.pdf","2015~2019","","","","전문인력","","","","","","","","","","","","","",""
"","57","누구나","기타, 카드뉴스 및 뉴스레터","중등(중,고)","","가정폭력'으로부터 '청소년' 지키기!","가정폭력 대처 방법 등 관련 전반적인 정보를 담은 카드뉴스입니다. ","한국청소년상담복지개발원","https://www.kyci.or.kr/userSite/cardnews/cardnews06.asp","2020~2024","","","","누구나","","","","","","","","","","","","","",""
"","58","누구나","기타, 카드뉴스 및 뉴스레터","중등(중,고)","","자살·자해위험 친구를 돕는 방법","자살자해 위험 친구를 돕는 방법에 대한 정보를 담은 카드뉴스입니다.","한국청소년상담복지개발원","https://www.1388.go.kr/not/YTOSP_SC_NNE_02?id=29213&bbs=10243&page=2","2020~2024","","","","누구나","","","","","","","","","","","","","",""
"","59","누구나","카드뉴스 및 뉴스레터","중등(중,고)","","상처가 힘이 될 수 있다면!","자살 위기를 겪고 있는 학생들을 위한 정보를 담은 카드뉴스입니다.","청소년사이버상담센터(한국청소년상담복지개발원)","https://www.1388.go.kr/not/YTOSP_SC_NME_02?id=28611&bbs=10248&page=12","","없음","","","누구나","","","","","","","","","","","","","",""
"","60","누구나","카드뉴스 및 뉴스레터","중등(중,고)","","자해_나를 아프게 해서라도 마음의 고통에서 벗어나고 싶어요'","자해 대처 방법을 담은 담은 카드뉴스입니다.","청소년사이버상담센터(한국청소년상담복지개발원)","https://www.1388.go.kr/not/YTOSP_SC_NME_02?id=28607&bbs=10248&page=12","","없음","","","누구나","","","","","","","","","","","","","",""
"","61","교사","교육자료","초등","모든 학교","재난으로 힘들어하는 아동의 
몸과 마음회복을 위한 GUIDE BOOK","재난으로 어려움을 겪은 아동을 대상으로 한 심리지원 개입 시, 재난정신건강 전문가의 현장 활용을 위해 제작된 전문 지침서입니다. 초기 개입, 심리 안정화 기법 및 사례 연계 전략 등이 포함되어 있습니다(p19-20: 힌국어판 역학연구센터 우울척도 아동용 CES-DC/ p21: 자살행동척도 SBQ-R)","국립정신겅강센터 국가트라우마센터","자료실 > 발간물,지침 > 사업지침 및 서식 게시물 보기 | 국가트라우마센터","2025~","없음","","","전문인력","""공공누리4유형(출처표시, 상업적 이용금지, 변경금지)"" 
조건에 따라 이용 가능합니다.","","","","","","","","","","","","",""
"","","교사","교육자료, 동영상","모든 학교","모든 학교","교사용 자살예방 게이트키퍼 교육자료 '괜찮니 톡톡톡' 1차시 '알아차리기'","교사연수(게이트키퍼교육, 생명존중 및 자살예방교육)에 활용하시기 바랍니다.
활용안내서도 함께 안내되어 있습니다.","학생정신겅강지원센터","학생마음건강중앙지원단","2015~2019","있음","61-1,61-2,61-3","교사","전문인력","","","","","","","","","","","","","",""
"","","교사","교육자료, 동영상","초등","모든 학교","교사용 자살예방 게이트키퍼 교육자료 '괜찮니 톡톡톡' 2차시 '알아보기'","교사연수(게이트키퍼교육, 생명존중 및 자살예방교육)에 활용하시기 바랍니다.
활용안내서도 함께 안내되어 있습니다.","학생정신겅강지원센터","학생마음건강중앙지원단","2015~2019","있음","","교사","전문인력","","","","","","","","","","","","","",""
"","","교사","교육자료, 동영상","초등","모든 학교","교사용 자살예방 게이트키퍼 교육자료 '괜찮니 톡톡톡' 3차시 '알리기'","교사연수(게이트키퍼교육, 생명존중 및 자살예방교육)에 활용하시기 바랍니다.
활용안내서도 함께 안내되어 있습니다.","학생정신겅강지원센터","학생마음건강중앙지원단","2015~2019","있음","","교사","전문인력","","","","","","","","","","","","","",""
"","64","교사","교육자료","중등(중,고)","중등(중,고)","교사용 뉴스레터 6월 자살징후 발견 발생 이후 아이들 돕기(중학생)","학생들의 정신건강과 관련한 지식을 월별 주제로 선정하여, 손쉽게 읽을 수 있도록 제작한 뉴스레터 입니다.
(자실 징후 발견법과 자살 징후 보이는 학생 돕는방법 사안 발생 이후 아이들 돕는 방법과 학무모에게 알리는
 방법이 포함되어 있습니다. )","학생정신건강지원센터","학생마음건강중앙지원단","2015~2019","없음","","교사","누구나","","","","","","","","","","","","","",""
"","65","교사","카드뉴스 및 뉴스레터","초등","초등","교사용 뉴스레터 6월 자살징후 발견 발생 이후 아이들 돕기(초등학생)","학생들의 정신건강과 관련한 지식을 월별 주제로 선정하여, 손쉽게 읽을 수 있도록 제작한 뉴스레터 입니다.
(자실 징후 발견법과 자살 징후 보이는 학생 돕는방법 사안 발생 이후 아이들 돕는 방법과 학무모에게 알리는
 방법이 포함되어 있습니다. )","학생정신건강지원센터","학생마음건강중앙지원단","2015~2019","없음","","교사","누구나","","","","","","","","","","","","","",""
"","66","교사","교육자료, 카드뉴스 및 뉴스레터","모든 학교","모든 학교","[특별판]교사용 뉴스레터 유명인의 자살 어떻게 대응하면 좋을까요?  ","학생들의 정신건강과 관련한 지식을 월별 주제로 선정하여, 손쉽게 읽을 수 있도록 제작한 뉴스레터 입니다.
(자실 징후체크리스트와 자살생각이 있는 학생과 대화할때 주의할점을 포함하고 있습니다.)","학생정신건강지원센터","
https://www.smhrc.kr/dataCenter/dataView?pageNo=2&dataId=140&searchKeyword=&categoryArr=%EC%9E%90%EC%82%B4%EC%98%88%EB%B0%A9","2015~2019","없음","","교사","누구나","","","","","","","","","","","","","",""
"","67","교사, 보호자","교육자료","중등(중,고)","중등(중,고)","리플릿-자살예방","학생이 보일 수 있는 정신건강 문제에 대한 안내하고 있습니다.","학생정신건강지원센터","학생마음건강중앙지원단","2015~2019","없음","","교사","전문인력","","","","","","","","","","","","","",""
"","","교사","동영상","모든 학교","모든 학교","전문가가 알려주는 학생자살예방 01차시(청소년 자살에 관한 현황)","학생자살에 대한 교사의 이해를 증진시키고, 
교사가 할 수 있는 자살예방 및 대처방법을 담고 있는 교육영상입니다.","학생정신건강지원센터","학생마음건강중앙지원단","2015~2019","있음","68-1~68-15","교사","전문인력","","","","","","","","","","","","","",""
"","","교사","동영상","모든 학교","모든 학교","전문가가 알려주는 학생자살예방 02차시(자살위험 요인 및 보호요인 그리고 경고신호)","학생자살에 대한 교사의 이해를 증진시키고, 
교사가 할 수 있는 자살예방 및 대처방법을 담고 있는 교육영상입니다.","학생정신건강지원센터","학생마음건강중앙지원단","2015~2019","있음","","교사","전문인력","","","","","","","","","","","","","",""
"","","교사","동영상","모든 학교","모든 학교","전문가가 알려주는 학생자살예방 03차시(자살예방과 관련하여 학교역할의 중요성)","학생자살에 대한 교사의 이해를 증진시키고, 
교사가 할 수 있는 자살예방 및 대처방법을 담고 있는 교육영상입니다.","학생정신건강지원센터","학생마음건강중앙지원단","2015~2019","있음","","교사","전문인력","","","","","","","","","","","","","",""
"","","교사","동영상","모든 학교","모든 학교","전문가가 알려주는 학생자살예방 04차시(우울장애와 자살)","학생자살에 대한 교사의 이해를 증진시키고, 
교사가 할 수 있는 자살예방 및 대처방법을 담고 있는 교육영상입니다.","학생정신건강지원센터","학생마음건강중앙지원단","2015~2019","있음","","교사","전문인력","","","","","","","","","","","","","",""
"","","교사","동영상","모든 학교","모든 학교","전문가가 알려주는 학생자살예방 05차시(불안장애와 자살)","학생자살에 대한 교사의 이해를 증진시키고, 
교사가 할 수 있는 자살예방 및 대처방법을 담고 있는 교육영상입니다.","학생정신건강지원센터","학생마음건강중앙지원단","2015~2019","있음","","교사","전문인력","","","","","","","","","","","","","",""
"","","교사","동영상","모든 학교","모든 학교","전문가가 알려주는 학생자살예방 06차시(학교폭력과 자살)","학생자살에 대한 교사의 이해를 증진시키고, 
교사가 할 수 있는 자살예방 및 대처방법을 담고 있는 교육영상입니다.","학생정신건강지원센터","학생마음건강중앙지원단","2015~2019","있음","","교사","전문인력","","","","","","","","","","","","","",""
"","","교사","동영상","모든 학교","모든 학교","전문가가 알려주는 학생자살예방 07차시(자해와 자살위험도 평가)","학생자살에 대한 교사의 이해를 증진시키고, 
교사가 할 수 있는 자살예방 및 대처방법을 담고 있는 교육영상입니다.","학생정신건강지원센터","학생마음건강중앙지원단","2015~2019","있음","","교사","전문인력","","","","","","","","","","","","","",""
"","","교사","동영상","모든 학교","모든 학교","전문가가 알려주는 학생자살예방 08차시(위기에 처한 학생 돕는 방법)","학생자살에 대한 교사의 이해를 증진시키고, 
교사가 할 수 있는 자살예방 및 대처방법을 담고 있는 교육영상입니다.","학생정신건강지원센터","학생마음건강중앙지원단","2015~2019","있음","","교사","전문인력","","","","","","","","","","","","","",""
"","","교사","동영상","모든 학교","모든 학교","전문가가 알려주는 학생자살예방 09차시(학부모에게 알리는 방법과 자해이해하기)","학생자살에 대한 교사의 이해를 증진시키고, 
교사가 할 수 있는 자살예방 및 대처방법을 담고 있는 교육영상입니다.","학생정신건강지원센터","학생마음건강중앙지원단","2015~2019","있음","","교사","전문인력","","","","","","","","","","","","","",""
"","","교사","동영상","모든 학교","모든 학교","전문가가 알려주는 학생자살예방 10차시(자해의 원인 및 전염성과 중독성의 이해)","학생자살에 대한 교사의 이해를 증진시키고, 
교사가 할 수 있는 자살예방 및 대처방법을 담고 있는 교육영상입니다.","학생정신건강지원센터","학생마음건강중앙지원단","2015~2019","있음","","교사","전문인력","","","","","","","","","","","","","",""
"","","교사","동영상","모든 학교","모든 학교","전문가가 알려주는 학생자살예방 11차시(자해행동의 평가 및 대처법)","학생자살에 대한 교사의 이해를 증진시키고, 
교사가 할 수 있는 자살예방 및 대처방법을 담고 있는 교육영상입니다.","학생정신건강지원센터","학생마음건강중앙지원단","2015~2019","있음","","교사","전문인력","","","","","","","","","","","","","",""
"","","교사","동영상","모든 학교","모든 학교","전문가가 알려주는 학생자살예방 12차시(정신건강 전문기관에 의뢰하는 방법)","학생자살에 대한 교사의 이해를 증진시키고, 
교사가 할 수 있는 자살예방 및 대처방법을 담고 있는 교육영상입니다.","학생정신건강지원센터","학생마음건강중앙지원단","2015~2019","있음","","교사","전문인력","","","","","","","","","","","","","",""
"","","교사","동영상","모든 학교","모든 학교","전문가가 알려주는 학생자살예방 13차시(자살사고 후 학교에서 할 일1)","학생자살에 대한 교사의 이해를 증진시키고, 
교사가 할 수 있는 자살예방 및 대처방법을 담고 있는 교육영상입니다.","학생정신건강지원센터","학생마음건강중앙지원단","2015~2019","있음","","교사","전문인력","","","","","","","","","","","","","",""
"","","교사","동영상","모든 학교","모든 학교","전문가가 알려주는 학생자살예방 14차시(자살사고 후 학교에서 할 일2)","학생자살에 대한 교사의 이해를 증진시키고, 
교사가 할 수 있는 자살예방 및 대처방법을 담고 있는 교육영상입니다.","학생정신건강지원센터","학생마음건강중앙지원단","2015~2019","있음","","교사","전문인력","","","","","","","","","","","","","",""
"","","교사","동영상","모든 학교","모든 학교","전문가가 알려주는 학생자살예방 15차시(언론기관 대응 요령 및 자살예방교육)","학생자살에 대한 교사의 이해를 증진시키고, 
교사가 할 수 있는 자살예방 및 대처방법을 담고 있는 교육영상입니다.","학생정신건강지원센터","학생마음건강중앙지원단","2015~2019","있음","","교사","전문인력","","","","","","","","","","","","","",""
"","69","보호자","카드뉴스 및 뉴스레터","초등","초등","2020 초등학부모용 뉴스레터 8호_
자살자해로부터 내 아이 지키기","2020 자녀사랑하기 초등학부모용 뉴스레터 8호(9월)  
자살과 자해로부터 내 아이 지키는 방법을 안내합니다.","학생정신건강지원센터","학생마음건강중앙지원단","2020~2024","없음","","교사","누구나","","","","","","","","","","","","","",""
"","70","보호자","카드뉴스 및 뉴스레터","중등(중,고)","중등(중,고)","2020 초등학부모용 뉴스레터 8호_
자살자해로부터 내 아이 지키기","2020 자녀사랑하기 초등학부모용 뉴스레터 8호(9월) 
 자살과 자해로부터 내 아이 지키는 방법을 안내합니다.","학생정신건강지원센터","학생마음건강중앙지원단","2020~2024","없음","","교사","누구나","","","","","","","","","","","","","",""
"","71","교사","카드뉴스 및 뉴스레터","모든 학교","모든 학교","2020 교사용뉴스레터_
자살의 징후 발견과 학생들을 돕는 방법","2020 교사용 뉴스레터(9월)
: 자살의 징후 발견과 학생들을 돕는 방법을 안내합니다.","학생정신건강지원센터","학생마음건강중앙지원단","2020~2024","없음","","교사","누구나","","","","","","","","","","","","","",""
"","","교사","카드뉴스 및 뉴스레터","모든 학교","모든 학교","[2021년 특별제2호] 학부모용, 학생용, 교사용 뉴스레터
 (마음건강 지키기 : 자살자해예방편)","2021년 카드뉴스 특별2호 마음건강 지키기 : 자살자해예방하는 방법을 안내합니다.","학생정신건강지원센터","학생마음건강중앙지원단","2020~2024","있음","72-1, 72-2, 72-3","교사","전문인력","","","","","","","","","","","","","",""
"","","교사","카드뉴스 및 뉴스레터","모든 학교","모든 학교","[2021년 특별제2호] 학부모용, 
교사용 카드뉴스 
(마음건강 지키기 : 자살자해예방편)","2021년 카드뉴스 특별2호 마음건강 지키기 : 자살자해예방하는 방법을 안내합니다.","학생정신건강지원센터","학생마음건강중앙지원단","2020~2024","있음","","교사","누구나","","","","","","","","","","","","","",""
"","","교사","카드뉴스 및 뉴스레터","모든 학교","모든 학교","[2021년 특별제2호] 학생용 카드뉴스
 (마음건강 지키기 : 자살자해예방편)","2021년 카드뉴스 특별2호 마음건강 지키기 : 자살자해예방하는 방법을 안내합니다.","학생정신건강지원센터","학생마음건강중앙지원단","2020~2024","있음","","교사","누구나","","","","","","","","","","","","","",""
"","","교사","동영상, 카드뉴스 및 뉴스레터","모든 학교","모든 학교","[2022년 1호] 교사용 뉴스레터
 (자살 징후가 보이는 학생을 돕는 방법)","2022년 뉴스레터 1호 '자살 징후가 보이는 학생을 돕는 방법'을 안내합니다.","학생정신건강지원센터","학생마음건강중앙지원단","2020~2024","없음","","교사","누구나","","","","","","","","","","","","","",""
"","","교사","동영상","모든 학교","모든 학교","","","","","2020~2024","있음","","교사","누구나","","","","","","","","","","","","","",""
"","","교사","동영상","모든 학교","모든 학교","","","","","2015~2019","있음","","교사","전문인력","","","","","","","","","","","","","",""
"","","교사","동영상","모든 학교","모든 학교","","","","","2015~2019","있음","","교사","전문인력","","","","","","","","","","","","","",""
"","","교사","동영상","모든 학교","모든 학교","","","","","2015~2019","있음","","교사","전문인력","","","","","","","","","","","","","",""
"","","교사","동영상","모든 학교","모든 학교","","","","","2015~2019","있음","","교사","전문인력","","","","","","","","","","","","","",""
"","","교사","동영상","모든 학교","모든 학교","","","","","2015~2019","있음","","교사","전문인력","","","","","","","","","","","","","",""
"","","교사","동영상","모든 학교","모든 학교","","","","","2015~2019","있음","","교사","전문인력","","","","","","","","","","","","","",""
"","","교사","동영상","모든 학교","모든 학교","","","","","2015~2019","있음","","교사","전문인력","","","","","","","","","","","","","",""
"","","교사","동영상","모든 학교","모든 학교","","","","","2015~2019","있음","","교사","전문인력","","","","","","","","","","","","","",""
"","","교사","동영상","모든 학교","모든 학교","","","","","","","","","","","","","","","","","","","","","","",""
"","","교사","동영상","모든 학교","모든 학교","","","","","","","","","","","","","","","","","","","","","","",""
"","","교사","동영상","모든 학교","모든 학교","","","","","","","","","","","","","","","","","","","","","","",""
"","","교사","동영상","모든 학교","모든 학교","","","","","","","","","","","","","","","","","","","","","","",""
"","","교사","동영상","모든 학교","모든 학교","","","","","","","","","","","","","","","","","","","","","","",""
"","","교사","동영상","모든 학교","모든 학교","","","","","","","","","","","","","","","","","","","","","","",""
"","","교사","동영상","모든 학교","모든 학교","","","","","","","","","","","","","","","","","","","","","","",""
"","","교사","동영상","모든 학교","모든 학교","","","","","","","","","","","","","","","","","","","","","","",""